LocID,Location,VarID,Variant,Time,MidPeriod,PopMale,PopFemale,PopTotal,Population,PopDensity
8,Albania,2,Medium,2013,2013.5,1472.67,1431.118,2903.788,2903788,105.978
8,Albania,2,Medium,2012,2012.5,1474.211,1439.88,2914.091,2914091,106.354
8,Albania,2,Medium,2011,2011.5,1478.059,1450.542,2928.601,2928601,106.883
8,Albania,2,Medium,2010,2010.5,1485.068,1462.961,2948.029,2948029,107.592
8,Albania,2,Medium,2009,2009.5,1495.558,1477.486,2973.044,2973044,108.505
8,Albania,2,Medium,2008,2008.5,1508.919,1493.764,3002.683,3002683,109.587
8,Albania,2,Medium,2007,2007.5,1523.893,1510.1,3033.993,3033993,110.73
8,Albania,2,Medium,2006,2006.5,1538.721,1524.3,3063.021,3063021,111.789
8,Albania,2,Medium,2005,2005.5,1551.975,1534.835,3086.81,3086810,112.657
8,Albania,2,Medium,2004,2004.5,1563.966,1540.927,3104.893,3104893,113.317
8,Albania,2,Medium,2003,2003.5,1574.841,1543.176,3118.017,3118017,113.796
8,Albania,2,Medium,2002,2002.5,1582.936,1543.247,3126.183,3126183,114.094
8,Albania,2,Medium,2001,2001.5,1586.178,1543.523,3129.701,3129701,114.223
51,Armenia,2,Medium,2013,2013.5,1359.259,1538.334,2897.593,2897593,101.777
51,Armenia,2,Medium,2012,2012.5,1351.255,1532.984,2884.239,2884239,101.308
51,Armenia,2,Medium,2011,2011.5,1346.388,1530.148,2876.536,2876536,101.037
51,Armenia,2,Medium,2010,2010.5,1346.351,1530.963,2877.314,2877314,101.065
51,Armenia,2,Medium,2009,2009.5,1352.073,1536.021,2888.094,2888094,101.443
51,Armenia,2,Medium,2008,2008.5,1362.799,1544.816,2907.615,2907615,102.129
51,Armenia,2,Medium,2007,2007.5,1376.497,1556.118,2932.615,2932615,103.007
51,Armenia,2,Medium,2006,2006.5,1390.216,1568.085,2958.301,2958301,103.909
51,Armenia,2,Medium,2005,2005.5,1401.87,1579.392,2981.262,2981262,104.716
51,Armenia,2,Medium,2004,2004.5,1410.957,1589.758,3000.715,3000715,105.399
51,Armenia,2,Medium,2003,2003.5,1418.321,1599.617,3017.938,3017938,106.004
51,Armenia,2,Medium,2002,2002.5,1424.853,1609.123,3033.976,3033976,106.567
51,Armenia,2,Medium,2001,2001.5,1431.993,1618.693,3050.686,3050686,107.154
40,Austria,2,Medium,2013,2013.5,4179.601,4376.59,8556.191,8556191,103.826
40,Austria,2,Medium,2012,2012.5,4149.693,4352.537,8502.23,8502230,103.171
40,Austria,2,Medium,2011,2011.5,4122.777,4330.724,8453.501,8453501,102.58
40,Austria,2,Medium,2010,2010.5,4098.642,4311.303,8409.945,8409945,102.051
40,Austria,2,Medium,2009,2009.5,4077.779,4294.879,8372.658,8372658,101.599
40,Austria,2,Medium,2008,2008.5,4060.179,4281.346,8341.525,8341525,101.221
40,Austria,2,Medium,2007,2007.5,4044.501,4269.23,8313.731,8313731,100.884
40,Austria,2,Medium,2006,2006.5,4028.9,4256.445,8285.345,8285345,100.539
40,Austria,2,Medium,2005,2005.5,4012.059,4241.597,8253.656,8253656,100.155
40,Austria,2,Medium,2004,2004.5,3993.099,4223.711,8216.81,8216810,99.708
40,Austria,2,Medium,2003,2003.5,3972.392,4203.463,8175.855,8175855,99.211
40,Austria,2,Medium,2002,2002.5,3951.4,4183.003,8134.403,8134403,98.708
40,Austria,2,Medium,2001,2001.5,3932.288,4165.467,8097.755,8097755,98.263
56,Belgium,2,Medium,2013,2013.5,5476.767,5677.241,11154.008,11154008,368.362
56,Belgium,2,Medium,2012,2012.5,5443.148,5642.207,11085.355,11085355,366.095
56,Belgium,2,Medium,2011,2011.5,5408.667,5605.193,11013.86,11013860,363.734
56,Belgium,2,Medium,2010,2010.5,5371.961,5566.774,10938.735,10938735,361.253
56,Belgium,2,Medium,2009,2009.5,5332.83,5527.104,10859.934,10859934,358.65
56,Belgium,2,Medium,2008,2008.5,5292.178,5486.586,10778.764,10778764,355.97
56,Belgium,2,Medium,2007,2007.5,5251.164,5446.412,10697.576,10697576,353.289
56,Belgium,2,Medium,2006,2006.5,5211.426,5408.058,10619.484,10619484,350.71
56,Belgium,2,Medium,2005,2005.5,5174.235,5372.65,10546.885,10546885,348.312
56,Belgium,2,Medium,2004,2004.5,5139.663,5340.455,10480.118,10480118,346.107
56,Belgium,2,Medium,2003,2003.5,5107.599,5311.43,10419.029,10419029,344.089
56,Belgium,2,Medium,2002,2002.5,5078.872,5286.007,10364.879,10364879,342.301
56,Belgium,2,Medium,2001,2001.5,5054.456,5264.57,10319.026,10319026,340.787
100,Bulgaria,2,Medium,2013,2013.5,3547.961,3742.131,7290.092,7290092,
100,Bulgaria,2,Medium,2012,2012.5,3570.364,3763.643,7334.007,7334007,
100,Bulgaria,2,Medium,2011,2011.5,3592.795,3785.857,7378.652,7378652,
100,Bulgaria,2,Medium,2010,2010.5,3615.632,3809.379,7425.011,7425011,
100,Bulgaria,2,Medium,2009,2009.5,3639.026,3834.483,7473.509,7473509,
100,Bulgaria,2,Medium,2008,2008.5,3663.043,3861.041,7524.084,7524084,
100,Bulgaria,2,Medium,2007,2007.5,3687.869,3888.806,7576.675,7576675,
100,Bulgaria,2,Medium,2006,2006.5,3713.683,3917.337,7631.02,7631020,
100,Bulgaria,2,Medium,2005,2005.5,3740.652,3946.312,7686.964,7686964,
100,Bulgaria,2,Medium,2004,2004.5,3768.917,3975.713,7744.63,7744630,
100,Bulgaria,2,Medium,2003,2003.5,3798.597,4005.709,7804.306,7804306,
100,Bulgaria,2,Medium,2002,2002.5,3829.864,4036.378,7866.242,7866242,
100,Bulgaria,2,Medium,2001,2001.5,3862.849,4067.851,7930.7,7930700,
191,Croatia,2,Medium,2013,2013.5,2057.28,2219.313,4276.593,4276593,76.422
191,Croatia,2,Medium,2012,2012.5,2067.505,2228.364,4295.869,4295869,76.767
191,Croatia,2,Medium,2011,2011.5,2076.713,2236.385,4313.098,4313098,77.075
191,Croatia,2,Medium,2010,2010.5,2084.606,2243.557,4328.163,4328163,77.344
191,Croatia,2,Medium,2009,2009.5,2091.239,2250.022,4341.261,4341261,77.578
191,Croatia,2,Medium,2008,2008.5,2096.805,2255.834,4352.639,4352639,77.781
191,Croatia,2,Medium,2007,2007.5,2101.396,2261.031,4362.427,4362427,77.956
191,Croatia,2,Medium,2006,2006.5,2105.146,2265.636,4370.782,4370782,78.105
191,Croatia,2,Medium,2005,2005.5,2108.315,2269.751,4378.066,4378066,78.236
191,Croatia,2,Medium,2004,2004.5,2110.636,2273.241,4383.877,4383877,78.339
191,Croatia,2,Medium,2003,2003.5,2112.496,2276.413,4388.909,4388909,78.429
191,Croatia,2,Medium,2002,2002.5,2115.383,2280.419,4395.802,4395802,78.553
191,Croatia,2,Medium,2001,2001.5,2121.324,2286.749,4408.073,4408073,78.772
203,Czechia,2,Medium,2013,2013.5,5201.213,5385.316,10586.529,10586529,137.06
203,Czechia,2,Medium,2012,2012.5,5198.561,5382.741,10581.302,10581302,136.993
203,Czechia,2,Medium,2011,2011.5,5189.846,5376.666,10566.512,10566512,136.801
203,Czechia,2,Medium,2010,2010.5,5171.516,5364.998,10536.514,10536514,136.413
203,Czechia,2,Medium,2009,2009.5,5141.597,5346.558,10488.155,10488155,135.787
203,Czechia,2,Medium,2008,2008.5,5102.449,5322.818,10425.267,10425267,134.972
203,Czechia,2,Medium,2007,2007.5,5060.024,5297.511,10357.535,10357535,134.095
203,Czechia,2,Medium,2006,2006.5,5022.739,5275.87,10298.609,10298609,133.333
203,Czechia,2,Medium,2005,2005.5,4996.558,5261.607,10258.165,10258165,132.809
203,Czechia,2,Medium,2004,2004.5,4983.511,5255.933,10239.444,10239444,132.567
203,Czechia,2,Medium,2003,2003.5,4981.56,5257.571,10239.131,10239131,132.563
203,Czechia,2,Medium,2002,2002.5,4987.629,5264.635,10252.264,10252264,132.733
203,Czechia,2,Medium,2001,2001.5,4996.849,5274.17,10271.019,10271019,132.975
208,Denmark,2,Medium,2013,2013.5,2801.8,2836.352,5638.152,5638152,132.881
208,Denmark,2,Medium,2012,2012.5,2786.889,2824.02,5610.909,5610909,132.239
208,Denmark,2,Medium,2011,2011.5,2771.59,2811.39,5582.98,5582980,131.581
208,Denmark,2,Medium,2010,2010.5,2756.283,2798.566,5554.849,5554849,130.918
208,Denmark,2,Medium,2009,2009.5,2740.959,2785.43,5526.389,5526389,130.247
208,Denmark,2,Medium,2008,2008.5,2725.636,2772.095,5497.731,5497731,129.572
208,Denmark,2,Medium,2007,2007.5,2710.858,2759.062,5469.92,5469920,128.916
208,Denmark,2,Medium,2006,2006.5,2697.277,2747.016,5444.293,5444293,128.312
208,Denmark,2,Medium,2005,2005.5,2685.327,2736.374,5421.701,5421701,127.78
208,Denmark,2,Medium,2004,2004.5,2675.318,2727.436,5402.754,5402754,127.333
208,Denmark,2,Medium,2003,2003.5,2667.009,2719.959,5386.968,5386968,126.961
208,Denmark,2,Medium,2002,2002.5,2659.568,2713.23,5372.798,5372798,126.627
208,Denmark,2,Medium,2001,2001.5,2651.808,2706.251,5358.059,5358059,126.28
233,Estonia,2,Medium,2013,2013.5,615.34,703.728,1319.068,1319068,31.117
233,Estonia,2,Medium,2012,2012.5,616.842,706.321,1323.163,1323163,31.214
233,Estonia,2,Medium,2011,2011.5,618.644,709.057,1327.701,1327701,31.321
233,Estonia,2,Medium,2010,2010.5,620.356,711.747,1332.103,1332103,31.425
233,Estonia,2,Medium,2009,2009.5,621.824,714.316,1336.14,1336140,31.52
233,Estonia,2,Medium,2008,2008.5,623.208,716.859,1340.067,1340067,31.613
233,Estonia,2,Medium,2007,2007.5,624.789,719.506,1344.295,1344295,31.713
233,Estonia,2,Medium,2006,2006.5,626.964,722.409,1349.373,1349373,31.832
233,Estonia,2,Medium,2005,2005.5,629.986,725.664,1355.65,1355650,31.98
233,Estonia,2,Medium,2004,2004.5,634.124,729.446,1363.57,1363570,32.167
233,Estonia,2,Medium,2003,2003.5,639.222,733.682,1372.904,1372904,32.387
233,Estonia,2,Medium,2002,2002.5,644.577,738.16,1382.737,1382737,32.619
233,Estonia,2,Medium,2001,2001.5,649.228,742.511,1391.739,1391739,32.832
246,Finland,2,Medium,2013,2013.5,2673.979,2765.005,5438.984,5438984,17.898
246,Finland,2,Medium,2012,2012.5,2660.498,2754.271,5414.769,5414769,17.818
246,Finland,2,Medium,2011,2011.5,2646.767,2743.269,5390.036,5390036,17.737
246,Finland,2,Medium,2010,2010.5,2633.331,2732.453,5365.784,5365784,17.657
246,Finland,2,Medium,2009,2009.5,2620.321,2721.945,5342.266,5342266,17.58
246,Finland,2,Medium,2008,2008.5,2607.73,2711.722,5319.452,5319452,17.505
246,Finland,2,Medium,2007,2007.5,2595.722,2702.019,5297.741,5297741,17.433
246,Finland,2,Medium,2006,2006.5,2584.452,2693.038,5277.49,5277490,17.366
246,Finland,2,Medium,2005,2005.5,2574.006,2684.927,5258.933,5258933,17.305
246,Finland,2,Medium,2004,2004.5,2564.439,2677.736,5242.175,5242175,17.25
246,Finland,2,Medium,2003,2003.5,2555.695,2671.411,5227.106,5227106,17.201
246,Finland,2,Medium,2002,2002.5,2547.616,2665.752,5213.368,5213368,17.155
246,Finland,2,Medium,2001,2001.5,2539.987,2660.488,5200.475,5200475,17.113
250,France,2,Medium,2013,2013.5,30961.448,32932.073,63893.521,63893521,116.688
250,France,2,Medium,2012,2012.5,30799.056,32765.168,63564.224,63564224,116.087
250,France,2,Medium,2011,2011.5,30629.188,32593.041,63222.229,63222229,115.462
250,France,2,Medium,2010,2010.5,30458.539,32420.996,62879.535,62879535,114.837
250,France,2,Medium,2009,2009.5,30290.247,32252.636,62542.883,62542883,114.222
250,France,2,Medium,2008,2008.5,30122.923,32086.284,62209.207,62209207,113.612
250,France,2,Medium,2007,2007.5,29953.45,31915.779,61869.229,61869229,112.991
250,France,2,Medium,2006,2006.5,29776.778,31732.146,61508.924,61508924,112.333
250,France,2,Medium,2005,2005.5,29590.144,31529.984,61120.128,61120128,111.623
250,France,2,Medium,2004,2004.5,29391.805,31306.172,60697.977,60697977,110.852
250,France,2,Medium,2003,2003.5,29185.689,31065.902,60251.591,60251591,110.037
250,France,2,Medium,2002,2002.5,28981.336,30822.098,59803.434,59803434,109.219
250,France,2,Medium,2001,2001.5,28791.627,30592.499,59384.126,59384126,108.453
276,Germany,2,Medium,2013,2013.5,39861.298,41313.075,81174.373,81174373,232.885
276,Germany,2,Medium,2012,2012.5,39737.57,41235.059,80972.629,80972629,232.306
276,Germany,2,Medium,2011,2011.5,39656.764,41198.865,80855.629,80855629,231.97
276,Germany,2,Medium,2010,2010.5,39618.814,41208.187,80827.001,80827001,231.888
276,Germany,2,Medium,2009,2009.5,39629.844,41270.117,80899.961,80899961,232.098
276,Germany,2,Medium,2008,2008.5,39686.094,41379.657,81065.751,81065751,232.573
276,Germany,2,Medium,2007,2007.5,39764.776,41513.06,81277.836,81277836,233.182
276,Germany,2,Medium,2006,2006.5,39834.754,41637.481,81472.235,81472235,233.739
276,Germany,2,Medium,2005,2005.5,39873.471,41729.268,81602.739,81602739,234.114
276,Germany,2,Medium,2004,2004.5,39869.687,41776.787,81646.474,81646474,234.239
276,Germany,2,Medium,2003,2003.5,39828.458,41785.913,81614.371,81614371,234.147
276,Germany,2,Medium,2002,2002.5,39763.349,41771.775,81535.124,81535124,233.92
276,Germany,2,Medium,2001,2001.5,39695.906,41757.988,81453.894,81453894,233.687
300,Greece,2,Medium,2013,2013.5,5271.361,5469.14,10740.501,10740501,83.324
300,Greece,2,Medium,2012,2012.5,5291.125,5489.994,10781.119,10781119,83.639
300,Greece,2,Medium,2011,2011.5,5316.084,5512.99,10829.074,10829074,84.011
300,Greece,2,Medium,2010,2010.5,5348.553,5539.087,10887.64,10887640,84.466
300,Greece,2,Medium,2009,2009.5,5390.023,5569.245,10959.268,10959268,85.021
300,Greece,2,Medium,2008,2008.5,5438.287,5602.025,11040.312,11040312,85.65
300,Greece,2,Medium,2007,2007.5,5487.27,5633.101,11120.371,11120371,86.271
300,Greece,2,Medium,2006,2006.5,5528.638,5656.593,11185.231,11185231,86.774
300,Greece,2,Medium,2005,2005.5,5556.417,5668.383,11224.8,11224800,87.081
300,Greece,2,Medium,2004,2004.5,5568.298,5666.695,11234.993,11234993,87.161
300,Greece,2,Medium,2003,2003.5,5565.947,5652.932,11218.879,11218879,87.036
300,Greece,2,Medium,2002,2002.5,5552.263,5630.045,11182.308,11182308,86.752
300,Greece,2,Medium,2001,2001.5,5531.901,5602.546,11134.447,11134447,86.381
348,Hungary,2,Medium,2013,2013.5,4670.088,5163.835,9833.923,9833923,108.626
348,Hungary,2,Medium,2012,2012.5,4682.975,5181.388,9864.363,9864363,108.962
348,Hungary,2,Medium,2011,2011.5,4696.484,5199.205,9895.689,9895689,109.308
348,Hungary,2,Medium,2010,2010.5,4710.471,5216.909,9927.38,9927380,109.658
348,Hungary,2,Medium,2009,2009.5,4724.961,5234.478,9959.439,9959439,110.013
348,Hungary,2,Medium,2008,2008.5,4739.965,5251.902,9991.867,9991867,110.371
348,Hungary,2,Medium,2007,2007.5,4755.309,5268.849,10024.158,10024158,110.727
348,Hungary,2,Medium,2006,2006.5,4770.751,5284.906,10055.657,10055657,111.075
348,Hungary,2,Medium,2005,2005.5,4786.137,5299.805,10085.942,10085942,111.41
348,Hungary,2,Medium,2004,2004.5,4801.245,5313.236,10114.481,10114481,111.725
348,Hungary,2,Medium,2003,2003.5,4816.102,5325.239,10141.341,10141341,112.022
348,Hungary,2,Medium,2002,2002.5,4830.998,5336.288,10167.286,10167286,112.308
348,Hungary,2,Medium,2001,2001.5,4846.373,5347.078,10193.451,10193451,112.597
352,Iceland,2,Medium,2013,2013.5,164.446,162.748,327.194,327194,3.264
352,Iceland,2,Medium,2012,2012.5,163.852,161.79,325.642,325642,3.248
352,Iceland,2,Medium,2011,2011.5,162.904,160.567,323.471,323471,3.227
352,Iceland,2,Medium,2010,2010.5,161.382,158.96,320.342,320342,3.195
352,Iceland,2,Medium,2009,2009.5,159.18,156.877,316.057,316057,3.153
352,Iceland,2,Medium,2008,2008.5,156.427,154.428,310.855,310855,3.101
352,Iceland,2,Medium,2007,2007.5,153.387,151.794,305.181,305181,3.044
352,Iceland,2,Medium,2006,2006.5,150.454,149.273,299.727,299727,2.99
352,Iceland,2,Medium,2005,2005.5,147.906,147.07,294.976,294976,2.942
352,Iceland,2,Medium,2004,2004.5,145.843,145.259,291.102,291102,2.904
352,Iceland,2,Medium,2003,2003.5,144.174,143.781,287.955,287955,2.872
352,Iceland,2,Medium,2002,2002.5,142.809,142.52,285.329,285329,2.846
352,Iceland,2,Medium,2001,2001.5,141.57,141.34,282.91,282910,2.822
372,Ireland,2,Medium,2013,2013.5,2286.216,2329.21,4615.426,4615426,66.997
372,Ireland,2,Medium,2012,2012.5,2284.748,2323.451,4608.199,4608199,66.892
372,Ireland,2,Medium,2011,2011.5,2278.713,2312.402,4591.115,4591115,66.644
372,Ireland,2,Medium,2010,2010.5,2262.942,2291.388,4554.33,4554330,66.11
372,Ireland,2,Medium,2009,2009.5,2235.827,2258.745,4494.572,4494572,65.243
372,Ireland,2,Medium,2008,2008.5,2199.352,2216.519,4415.871,4415871,64.1
372,Ireland,2,Medium,2007,2007.5,2156.344,2168.305,4324.649,4324649,62.776
372,Ireland,2,Medium,2006,2006.5,2111.195,2119.424,4230.619,4230619,61.411
372,Ireland,2,Medium,2005,2005.5,2067.315,2073.903,4141.218,4141218,60.113
372,Ireland,2,Medium,2004,2004.5,2025.362,2032.769,4058.131,4058131,58.907
372,Ireland,2,Medium,2003,2003.5,1984.854,1995.223,3980.077,3980077,57.774
372,Ireland,2,Medium,2002,2002.5,1946.692,1961.303,3907.995,3907995,56.728
372,Ireland,2,Medium,2001,2001.5,1911.706,1930.547,3842.253,3842253,55.774
376,Israel,2,Medium,2013,2013.5,3828.82,3906.014,7734.834,7734834,357.432
376,Israel,2,Medium,2012,2012.5,3766.191,3848.755,7614.946,7614946,351.892
376,Israel,2,Medium,2011,2011.5,3700.073,3787.022,7487.095,7487095,345.984
376,Israel,2,Medium,2010,2010.5,3628.248,3718.198,7346.446,7346446,339.485
376,Israel,2,Medium,2009,2009.5,3549.375,3640.662,7190.037,7190037,332.257
376,Israel,2,Medium,2008,2008.5,3464.822,3556.01,7020.832,7020832,324.438
376,Israel,2,Medium,2007,2007.5,3378.496,3468.652,6847.148,6847148,316.412
376,Israel,2,Medium,2006,2006.5,3295.831,3384.81,6680.641,6680641,308.717
376,Israel,2,Medium,2005,2005.5,3220.635,3308.835,6529.47,6529470,301.732
376,Israel,2,Medium,2004,2004.5,3154.277,3242.234,6396.511,6396511,295.587
376,Israel,2,Medium,2003,2003.5,3095.189,3183.185,6278.374,6278374,290.128
376,Israel,2,Medium,2002,2002.5,3040.643,3128.668,6169.311,6169311,285.088
376,Israel,2,Medium,2001,2001.5,2986.543,3074.136,6060.679,6060679,280.068
380,Italy,2,Medium,2013,2013.5,29147.739,31019.089,60166.828,60166828,204.552
380,Italy,2,Medium,2012,2012.5,28987.438,30892.031,59879.469,59879469,203.575
380,Italy,2,Medium,2011,2011.5,28833.829,30755.241,59589.07,59589070,202.587
380,Italy,2,Medium,2010,2010.5,28704.537,30620.695,59325.232,59325232,201.69
380,Italy,2,Medium,2009,2009.5,28610.738,30494.884,59105.622,59105622,200.944
380,Italy,2,Medium,2008,2008.5,28546.205,30375.911,58922.116,58922116,200.32
380,Italy,2,Medium,2007,2007.5,28490.431,30257.431,58747.862,58747862,199.728
380,Italy,2,Medium,2006,2006.5,28413.404,30129.215,58542.619,58542619,199.03
380,Italy,2,Medium,2005,2005.5,28295.735,29985.474,58281.209,58281209,198.141
380,Italy,2,Medium,2004,2004.5,28126.662,29821.759,57948.421,57948421,197.01
380,Italy,2,Medium,2003,2003.5,27919.222,29645.367,57564.589,57564589,195.705
380,Italy,2,Medium,2002,2002.5,27706.391,29476.13,57182.521,57182521,194.406
380,Italy,2,Medium,2001,2001.5,27534.288,29340.86,56875.148,56875148,193.361
428,Latvia,2,Medium,2013,2013.5,936.519,1108.431,2044.95,2044950,32.877
428,Latvia,2,Medium,2012,2012.5,947.411,1121.607,2069.018,2069018,33.264
428,Latvia,2,Medium,2011,2011.5,958.65,1134.956,2093.606,2093606,33.659
428,Latvia,2,Medium,2010,2010.5,970.265,1148.59,2118.855,2118855,34.065
428,Latvia,2,Medium,2009,2009.5,982.252,1162.532,2144.784,2144784,34.482
428,Latvia,2,Medium,2008,2008.5,994.559,1176.689,2171.248,2171248,34.908
428,Latvia,2,Medium,2007,2007.5,1007.109,1190.98,2198.089,2198089,35.339
428,Latvia,2,Medium,2006,2006.5,1019.785,1205.278,2225.063,2225063,35.773
428,Latvia,2,Medium,2005,2005.5,1032.499,1219.497,2251.996,2251996,36.206
428,Latvia,2,Medium,2004,2004.5,1045.287,1233.635,2278.922,2278922,36.639
428,Latvia,2,Medium,2003,2003.5,1058.16,1247.685,2305.845,2305845,37.071
428,Latvia,2,Medium,2002,2002.5,1070.949,1261.579,2332.528,2332528,37.5
428,Latvia,2,Medium,2001,2001.5,1083.455,1275.234,2358.689,2358689,37.921
440,Lithuania,2,Medium,2013,2013.5,1383.905,1625.033,3008.938,3008938,48.009
440,Lithuania,2,Medium,2012,2012.5,1400.486,1645.075,3045.561,3045561,48.594
440,Lithuania,2,Medium,2011,2011.5,1418.255,1665.147,3083.402,3083402,49.197
440,Lithuania,2,Medium,2010,2010.5,1437.954,1685.871,3123.825,3123825,49.842
440,Lithuania,2,Medium,2009,2009.5,1459.874,1707.396,3167.27,3167270,50.536
440,Lithuania,2,Medium,2008,2008.5,1483.537,1729.33,3212.867,3212867,51.263
440,Lithuania,2,Medium,2007,2007.5,1507.927,1751.057,3258.984,3258984,51.999
440,Lithuania,2,Medium,2006,2006.5,1531.62,1771.709,3303.329,3303329,52.707
440,Lithuania,2,Medium,2005,2005.5,1553.573,1790.686,3344.259,3344259,53.36
440,Lithuania,2,Medium,2004,2004.5,1573.382,1807.752,3381.134,3381134,53.948
440,Lithuania,2,Medium,2003,2003.5,1591.29,1823.077,3414.367,3414367,54.478
440,Lithuania,2,Medium,2002,2002.5,1607.749,1837.028,3444.777,3444777,54.963
440,Lithuania,2,Medium,2001,2001.5,1623.474,1850.149,3473.623,3473623,55.424
442,Luxembourg,2,Medium,2013,2013.5,271.169,271.385,542.554,542554,209.48
442,Luxembourg,2,Medium,2012,2012.5,264.756,266.099,530.855,530855,204.963
442,Luxembourg,2,Medium,2011,2011.5,258.467,260.845,519.312,519312,200.507
442,Luxembourg,2,Medium,2010,2010.5,252.297,255.593,507.89,507890,196.097
442,Luxembourg,2,Medium,2009,2009.5,246.224,250.312,496.536,496536,191.713
442,Luxembourg,2,Medium,2008,2008.5,240.331,245.072,485.403,485403,187.414
442,Luxembourg,2,Medium,2007,2007.5,234.83,240.087,474.917,474917,183.366
442,Luxembourg,2,Medium,2006,2006.5,229.972,235.639,465.611,465611,179.773
442,Luxembourg,2,Medium,2005,2005.5,225.935,231.913,457.848,457848,176.775
442,Luxembourg,2,Medium,2004,2004.5,222.807,229.015,451.822,451822,174.449
442,Luxembourg,2,Medium,2003,2003.5,220.495,226.822,447.317,447317,172.709
442,Luxembourg,2,Medium,2002,2002.5,218.667,225.06,443.727,443727,171.323
442,Luxembourg,2,Medium,2001,2001.5,216.878,223.319,440.197,440197,169.96
470,Malta,2,Medium,2013,2013.5,212.594,213.55,426.144,426144,1331.7
470,Malta,2,Medium,2012,2012.5,210.019,211.79,421.809,421809,1318.153
470,Malta,2,Medium,2011,2011.5,207.607,210.113,417.72,417720,1305.375
470,Malta,2,Medium,2010,2010.5,205.608,208.649,414.257,414257,1294.553
470,Malta,2,Medium,2009,2009.5,204.108,207.451,411.559,411559,1286.122
470,Malta,2,Medium,2008,2008.5,203.009,206.484,409.493,409493,1279.666
470,Malta,2,Medium,2007,2007.5,202.201,205.653,407.854,407854,1274.544
470,Malta,2,Medium,2006,2006.5,201.484,204.846,406.33,406330,1269.781
470,Malta,2,Medium,2005,2005.5,200.69,203.969,404.659,404659,1264.559
470,Malta,2,Medium,2004,2004.5,199.813,203.007,402.82,402820,1258.813
470,Malta,2,Medium,2003,2003.5,198.881,201.977,400.858,400858,1252.681
470,Malta,2,Medium,2002,2002.5,197.847,200.873,398.72,398720,1246
470,Malta,2,Medium,2001,2001.5,196.649,199.675,396.324,396324,1238.513
528,Netherlands,2,Medium,2013,2013.5,8368.806,8474.706,16843.512,16843512,499.511
528,Netherlands,2,Medium,2012,2012.5,8341.69,8450.16,16791.85,16791850,497.979
528,Netherlands,2,Medium,2011,2011.5,8313.584,8424.607,16738.191,16738191,496.388
528,Netherlands,2,Medium,2010,2010.5,8284.404,8398.523,16682.927,16682927,494.749
528,Netherlands,2,Medium,2009,2009.5,8254.242,8372.137,16626.379,16626379,493.072
528,Netherlands,2,Medium,2008,2008.5,8223,8345.105,16568.105,16568105,491.344
528,Netherlands,2,Medium,2007,2007.5,8190.04,8316.612,16506.652,16506652,489.521
528,Netherlands,2,Medium,2006,2006.5,8154.564,8285.527,16440.091,16440091,487.547
528,Netherlands,2,Medium,2005,2005.5,8116.075,8251.078,16367.153,16367153,485.384
528,Netherlands,2,Medium,2004,2004.5,8074.227,8212.956,16287.183,16287183,483.013
528,Netherlands,2,Medium,2003,2003.5,8029.37,8171.578,16200.948,16200948,480.455
528,Netherlands,2,Medium,2002,2002.5,7982.573,8127.782,16110.355,16110355,477.769
528,Netherlands,2,Medium,2001,2001.5,7935.343,8082.769,16018.112,16018112,475.033
578,Norway,2,Medium,2013,2013.5,2550.933,2528.527,5079.46,5079460,13.906
578,Norway,2,Medium,2012,2012.5,2514.265,2499.451,5013.716,5013716,13.726
578,Norway,2,Medium,2011,2011.5,2477.639,2470.696,4948.335,4948335,13.547
578,Norway,2,Medium,2010,2010.5,2442.442,2443.436,4885.878,4885878,13.376
578,Norway,2,Medium,2009,2009.5,2408.91,2417.937,4826.847,4826847,13.215
578,Norway,2,Medium,2008,2008.5,2376.973,2394.041,4771.014,4771014,13.062
578,Norway,2,Medium,2007,2007.5,2347.402,2372.001,4719.403,4719403,12.92
578,Norway,2,Medium,2006,2006.5,2320.99,2351.996,4672.986,4672986,12.793
578,Norway,2,Medium,2005,2005.5,2298.246,2334.113,4632.359,4632359,12.682
578,Norway,2,Medium,2004,2004.5,2279.648,2318.562,4598.21,4598210,12.589
578,Norway,2,Medium,2003,2003.5,2264.873,2305.223,4570.096,4570096,12.512
578,Norway,2,Medium,2002,2002.5,2252.645,2293.372,4546.017,4546017,12.446
578,Norway,2,Medium,2001,2001.5,2241.139,2282,4523.139,4523139,12.383
616,Poland,2,Medium,2013,2013.5,18476.75,19681.293,38158.043,38158043,124.606
616,Poland,2,Medium,2012,2012.5,18498.273,19728.76,38227.033,38227033,124.831
616,Poland,2,Medium,2011,2011.5,18517.249,19769.575,38286.824,38286824,125.026
616,Poland,2,Medium,2010,2010.5,18532.193,19797.591,38329.784,38329784,125.167
616,Poland,2,Medium,2009,2009.5,18541.875,19810.049,38351.924,38351924,125.239
616,Poland,2,Medium,2008,2008.5,18547.371,19809.415,38356.786,38356786,125.255
616,Poland,2,Medium,2007,2007.5,18552.14,19801.199,38353.339,38353339,125.244
616,Poland,2,Medium,2006,2006.5,18560.964,19793.483,38354.447,38354447,125.247
616,Poland,2,Medium,2005,2005.5,18577.002,19791.955,38368.957,38368957,125.295
616,Poland,2,Medium,2004,2004.5,18601.395,19798.158,38399.553,38399553,125.394
616,Poland,2,Medium,2003,2003.5,18632.151,19809.67,38441.821,38441821,125.533
616,Poland,2,Medium,2002,2002.5,18665.365,19823.275,38488.64,38488640,125.685
616,Poland,2,Medium,2001,2001.5,18695.464,19834.121,38529.585,38529585,125.819
620,Portugal,2,Medium,2013,2013.5,4976.555,5496.47,10473.025,10473025,114.347
620,Portugal,2,Medium,2012,2012.5,5013.178,5513.13,10526.308,10526308,114.929
620,Portugal,2,Medium,2011,2011.5,5045.848,5523.54,10569.388,10569388,115.399
620,Portugal,2,Medium,2010,2010.5,5070.876,5525.179,10596.055,10596055,115.69
620,Portugal,2,Medium,2009,2009.5,5087.2,5516.866,10604.066,10604066,115.778
620,Portugal,2,Medium,2008,2008.5,5095.543,5499.769,10595.312,10595312,115.682
620,Portugal,2,Medium,2007,2007.5,5096.376,5476.774,10573.15,10573150,115.44
620,Portugal,2,Medium,2006,2006.5,5090.837,5452,10542.837,10542837,115.109
620,Portugal,2,Medium,2005,2005.5,5079.966,5428.528,10508.494,10508494,114.734
620,Portugal,2,Medium,2004,2004.5,5063.594,5407.332,10470.926,10470926,114.324
620,Portugal,2,Medium,2003,2003.5,5041.878,5387.737,10429.615,10429615,113.873
620,Portugal,2,Medium,2002,2002.5,5016.767,5369.226,10385.993,10385993,113.397
620,Portugal,2,Medium,2001,2001.5,4990.758,5350.698,10341.456,10341456,112.91
498,Republic of Moldova,2,Medium,2013,2013.5,1959.517,2115.068,4074.585,4074585,124.036
498,Republic of Moldova,2,Medium,2012,2012.5,1960.352,2115.452,4075.804,4075804,124.073
498,Republic of Moldova,2,Medium,2011,2011.5,1961.8,2117.367,4079.167,4079167,124.176
498,Republic of Moldova,2,Medium,2010,2010.5,1964.484,2121.606,4086.09,4086090,124.386
498,Republic of Moldova,2,Medium,2009,2009.5,1968.783,2128.732,4097.515,4097515,124.734
498,Republic of Moldova,2,Medium,2008,2008.5,1974.507,2138.379,4112.886,4112886,125.202
498,Republic of Moldova,2,Medium,2007,2007.5,1980.932,2149.197,4130.129,4130129,125.727
498,Republic of Moldova,2,Medium,2006,2006.5,1986.99,2159.274,4146.264,4146264,126.218
498,Republic of Moldova,2,Medium,2005,2005.5,1991.992,2167.304,4159.296,4159296,126.615
498,Republic of Moldova,2,Medium,2004,2004.5,1995.44,2172.522,4167.962,4167962,126.879
498,Republic of Moldova,2,Medium,2003,2003.5,1997.731,2175.545,4173.276,4173276,127.04
498,Republic of Moldova,2,Medium,2002,2002.5,2000.103,2178.125,4178.228,4178228,127.191
498,Republic of Moldova,2,Medium,2001,2001.5,2004.32,2182.777,4187.097,4187097,127.461
642,Romania,2,Medium,2013,2013.5,9789.96,10342.82,20132.78,20132780,87.469
642,Romania,2,Medium,2012,2012.5,9828.473,10398.994,20227.467,20227467,87.881
642,Romania,2,Medium,2011,2011.5,9876.021,10460.697,20336.718,20336718,88.355
642,Romania,2,Medium,2010,2010.5,9940.018,10531.842,20471.86,20471860,88.942
642,Romania,2,Medium,2009,2009.5,10023.672,10614.323,20637.995,20637995,89.664
642,Romania,2,Medium,2008,2008.5,10123.586,10705.935,20829.521,20829521,90.496
642,Romania,2,Medium,2007,2007.5,10232.553,10801.643,21034.196,21034196,91.385
642,Romania,2,Medium,2006,2006.5,10340.058,10894.254,21234.312,21234312,92.255
642,Romania,2,Medium,2005,2005.5,10438.576,10978.711,21417.287,21417287,93.05
642,Romania,2,Medium,2004,2004.5,10525.161,11052.729,21577.89,21577890,93.748
642,Romania,2,Medium,2003,2003.5,10602.302,11118.101,21720.403,21720403,94.367
642,Romania,2,Medium,2002,2002.5,10674.532,11178.746,21853.278,21853278,94.944
642,Romania,2,Medium,2001,2001.5,10748.765,11240.589,21989.354,21989354,95.535
643,Russian Federation,2,Medium,2013,2013.5,66877.279,77448.177,144325.456,144325456,8.813
643,Russian Federation,2,Medium,2012,2012.5,66736.723,77257.165,143993.888,143993888,8.793
643,Russian Federation,2,Medium,2011,2011.5,66620.587,77082.44,143703.027,143703027,8.775
643,Russian Federation,2,Medium,2010,2010.5,66541.496,76937.777,143479.273,143479273,8.761
643,Russian Federation,2,Medium,2009,2009.5,66500.823,76826.081,143326.904,143326904,8.752
643,Russian Federation,2,Medium,2008,2008.5,66499.911,76748.853,143248.764,143248764,8.747
643,Russian Federation,2,Medium,2007,2007.5,66550.275,76715.932,143266.207,143266207,8.748
643,Russian Federation,2,Medium,2006,2006.5,66665.192,76738.066,143403.258,143403258,8.756
643,Russian Federation,2,Medium,2005,2005.5,66851.262,76820.863,143672.125,143672125,8.773
643,Russian Federation,2,Medium,2004,2004.5,67112.49,76968.159,144080.649,144080649,8.798
643,Russian Federation,2,Medium,2003,2003.5,67438.293,77172.583,144610.876,144610876,8.83
643,Russian Federation,2,Medium,2002,2002.5,67801.796,77413.911,145215.707,145215707,8.867
643,Russian Federation,2,Medium,2001,2001.5,68166.442,77664.284,145830.726,145830726,8.905
703,Slovakia,2,Medium,2013,2013.5,2632.278,2789.443,5421.721,5421721,112.746
703,Slovakia,2,Medium,2012,2012.5,2628.034,2786.86,5414.894,5414894,112.604
703,Slovakia,2,Medium,2011,2011.5,2624.311,2784.621,5408.932,5408932,112.48
703,Slovakia,2,Medium,2010,2010.5,2621.333,2782.96,5404.293,5404293,112.383
703,Slovakia,2,Medium,2009,2009.5,2619.196,2781.953,5401.149,5401149,112.318
703,Slovakia,2,Medium,2008,2008.5,2617.861,2781.501,5399.362,5399362,112.281
703,Slovakia,2,Medium,2007,2007.5,2617.239,2781.454,5398.693,5398693,112.267
703,Slovakia,2,Medium,2006,2006.5,2617.154,2781.52,5398.674,5398674,112.267
703,Slovakia,2,Medium,2005,2005.5,2617.477,2781.485,5398.962,5398962,112.273
703,Slovakia,2,Medium,2004,2004.5,2618.127,2781.247,5399.374,5399374,112.281
703,Slovakia,2,Medium,2003,2003.5,2619.066,2780.778,5399.844,5399844,112.291
703,Slovakia,2,Medium,2002,2002.5,2620.098,2780.026,5400.124,5400124,112.297
703,Slovakia,2,Medium,2001,2001.5,2621.029,2778.966,5399.995,5399995,112.294
705,Slovenia,2,Medium,2013,2013.5,1024.839,1038.281,2063.12,2063120,102.439
705,Slovenia,2,Medium,2012,2012.5,1021.899,1035.927,2057.826,2057826,102.176
705,Slovenia,2,Medium,2011,2011.5,1017.876,1033.402,2051.278,2051278,101.851
705,Slovenia,2,Medium,2010,2010.5,1012.481,1030.855,2043.336,2043336,101.457
705,Slovenia,2,Medium,2009,2009.5,1005.476,1028.331,2033.807,2033807,100.983
705,Slovenia,2,Medium,2008,2008.5,997.189,1025.86,2023.049,2023049,100.449
705,Slovenia,2,Medium,2007,2007.5,988.605,1023.523,2012.128,2012128,99.907
705,Slovenia,2,Medium,2006,2006.5,981.059,1021.368,2002.427,2002427,99.425
705,Slovenia,2,Medium,2005,2005.5,975.494,1019.485,1994.979,1994979,99.056
705,Slovenia,2,Medium,2004,2004.5,972.358,1017.868,1990.226,1990226,98.82
705,Slovenia,2,Medium,2003,2003.5,971.306,1016.549,1987.855,1987855,98.702
705,Slovenia,2,Medium,2002,2002.5,971.604,1015.661,1987.265,1987265,98.673
705,Slovenia,2,Medium,2001,2001.5,972.099,1015.358,1987.457,1987457,98.682
724,Spain,2,Medium,2013,2013.5,23101.425,23829.129,46930.554,46930554,94.087
724,Spain,2,Medium,2012,2012.5,23205.468,23857.591,47063.059,47063059,94.353
724,Spain,2,Medium,2011,2011.5,23249.643,23834.599,47084.242,47084242,94.395
724,Spain,2,Medium,2010,2010.5,23196.133,23734.878,46931.011,46931011,94.088
724,Spain,2,Medium,2009,2009.5,23033.009,23550.557,46583.566,46583566,93.391
724,Spain,2,Medium,2008,2008.5,22775.575,23293.236,46068.811,46068811,92.359
724,Spain,2,Medium,2007,2007.5,22447.367,22981.704,45429.071,45429071,91.077
724,Spain,2,Medium,2006,2006.5,22084.46,22644.101,44728.561,44728561,89.672
724,Spain,2,Medium,2005,2005.5,21715.842,22303.276,44019.118,44019118,88.25
724,Spain,2,Medium,2004,2004.5,21345.786,21962.559,43308.345,43308345,86.825
724,Spain,2,Medium,2003,2003.5,20973.843,21622.612,42596.455,42596455,85.398
724,Spain,2,Medium,2002,2002.5,20619.018,21300.575,41919.593,41919593,84.041
724,Spain,2,Medium,2001,2001.5,20303.074,21016.357,41319.431,41319431,82.838
752,Sweden,2,Medium,2013,2013.5,4801.531,4816.485,9618.016,9618016,23.439
752,Sweden,2,Medium,2012,2012.5,4760.674,4782.143,9542.817,9542817,23.256
752,Sweden,2,Medium,2011,2011.5,4719.134,4747.571,9466.705,9466705,23.07
752,Sweden,2,Medium,2010,2010.5,4677.17,4712.987,9390.157,9390157,22.884
752,Sweden,2,Medium,2009,2009.5,4634.733,4678.352,9313.085,9313085,22.696
752,Sweden,2,Medium,2008,2008.5,4592.348,4644.085,9236.433,9236433,22.509
752,Sweden,2,Medium,2007,2007.5,4551.558,4611.383,9162.941,9162941,22.33
752,Sweden,2,Medium,2006,2006.5,4514.337,4581.833,9096.17,9096170,22.167
752,Sweden,2,Medium,2005,2005.5,4482.09,4556.537,9038.627,9038627,22.027
752,Sweden,2,Medium,2004,2004.5,4455.064,4535.589,8990.653,8990653,21.91
752,Sweden,2,Medium,2003,2003.5,4432.829,4518.61,8951.439,8951439,21.815
752,Sweden,2,Medium,2002,2002.5,4415.228,4505.475,8920.703,8920703,21.74
752,Sweden,2,Medium,2001,2001.5,4401.901,4495.901,8897.802,8897802,21.684
756,Switzerland,2,Medium,2013,2013.5,4006.237,4102.639,8108.876,8108876,205.205
756,Switzerland,2,Medium,2012,2012.5,3952.281,4055.725,8008.006,8008006,202.652
756,Switzerland,2,Medium,2011,2011.5,3898.022,4008.966,7906.988,7906988,200.096
756,Switzerland,2,Medium,2010,2010.5,3844.996,3963.678,7808.674,7808674,197.608
756,Switzerland,2,Medium,2009,2009.5,3793.615,3920.287,7713.902,7713902,195.21
756,Switzerland,2,Medium,2008,2008.5,3744.016,3878.81,7622.826,7622826,192.905
756,Switzerland,2,Medium,2007,2007.5,3697.198,3839.788,7536.986,7536986,190.733
756,Switzerland,2,Medium,2006,2006.5,3654.284,3803.677,7457.961,7457961,188.733
756,Switzerland,2,Medium,2005,2005.5,3616,3770.818,7386.818,7386818,186.932
756,Switzerland,2,Medium,2004,2004.5,3582.544,3741.184,7323.728,7323728,185.336
756,Switzerland,2,Medium,2003,2003.5,3553.698,3714.665,7268.363,7268363,183.935
756,Switzerland,2,Medium,2002,2002.5,3529.105,3691.273,7220.378,7220378,182.72
756,Switzerland,2,Medium,2001,2001.5,3508.208,3670.966,7179.174,7179174,181.678
792,Turkey,2,Medium,2013,2013.5,37340.975,38584.479,75925.454,75925454,98.652
792,Turkey,2,Medium,2012,2012.5,36708.592,37942.454,74651.046,74651046,96.996
792,Turkey,2,Medium,2011,2011.5,36112.721,37330.533,73443.254,73443254,95.427
792,Turkey,2,Medium,2010,2010.5,35564.246,36762.746,72326.992,72326992,93.976
792,Turkey,2,Medium,2009,2009.5,35072.774,36248.632,71321.406,71321406,92.67
792,Turkey,2,Medium,2008,2008.5,34634.725,35783.887,70418.612,70418612,91.497
792,Turkey,2,Medium,2007,2007.5,34230.799,35351.055,69581.854,69581854,90.409
792,Turkey,2,Medium,2006,2006.5,33832.7,34924.109,68756.809,68756809,89.337
792,Turkey,2,Medium,2005,2005.5,33419.604,34483.857,67903.461,67903461,88.229
792,Turkey,2,Medium,2004,2004.5,32985.599,34025.331,67010.93,67010930,87.069
792,Turkey,2,Medium,2003,2003.5,32535.902,33553.5,66089.402,66089402,85.872
792,Turkey,2,Medium,2002,2002.5,32074.313,33071.044,65145.357,65145357,84.645
792,Turkey,2,Medium,2001,2001.5,31608.455,32583.788,64192.243,64192243,83.407
804,Ukraine,2,Medium,2013,2013.5,20923.751,24363.237,45286.988,45286988,78.173
804,Ukraine,2,Medium,2012,2012.5,20987.404,24466.401,45453.805,45453805,78.461
804,Ukraine,2,Medium,2011,2011.5,21056.342,24563.508,45619.85,45619850,78.747
804,Ukraine,2,Medium,2010,2010.5,21136.816,24655.27,45792.086,45792086,79.045
804,Ukraine,2,Medium,2009,2009.5,21230.325,24740.617,45970.942,45970942,79.353
804,Ukraine,2,Medium,2008,2008.5,21336.532,24822.177,46158.709,46158709,79.677
804,Ukraine,2,Medium,2007,2007.5,21457.512,24908.835,46366.347,46366347,80.036
804,Ukraine,2,Medium,2006,2006.5,21595.092,25012.305,46607.397,46607397,80.452
804,Ukraine,2,Medium,2005,2005.5,21750.106,25140.669,46890.775,46890775,80.941
804,Ukraine,2,Medium,2004,2004.5,21921.877,25295.612,47217.489,47217489,81.505
804,Ukraine,2,Medium,2003,2003.5,22108.644,25473.819,47582.463,47582463,82.135
804,Ukraine,2,Medium,2002,2002.5,22308.255,25671.778,47980.033,47980033,82.821
804,Ukraine,2,Medium,2001,2001.5,22517.799,25883.849,48401.648,48401648,83.549
826,United Kingdom,2,Medium,2013,2013.5,31989.179,32994.836,64984.015,64984015,268.607
826,United Kingdom,2,Medium,2012,2012.5,31741.626,32783.674,64525.3,64525300,266.711
826,United Kingdom,2,Medium,2011,2011.5,31472.428,32549.494,64021.922,64021922,264.63
826,United Kingdom,2,Medium,2010,2010.5,31175.28,32284.521,63459.801,63459801,262.306
826,United Kingdom,2,Medium,2009,2009.5,30845.661,31982.959,62828.62,62828620,259.698
826,United Kingdom,2,Medium,2008,2008.5,30491.503,31653.595,62145.098,62145098,256.872
826,United Kingdom,2,Medium,2007,2007.5,30134.133,31321.021,61455.154,61455154,254.02
826,United Kingdom,2,Medium,2006,2006.5,29802.575,31018.774,60821.349,60821349,251.401
826,United Kingdom,2,Medium,2005,2005.5,29517.485,30770.468,60287.953,60287953,249.196
826,United Kingdom,2,Medium,2004,2004.5,29287.102,30585.658,59872.76,59872760,247.48
826,United Kingdom,2,Medium,2003,2003.5,29105.237,30456.192,59561.429,59561429,246.193
826,United Kingdom,2,Medium,2002,2002.5,28960.222,30366.072,59326.294,59326294,245.221
826,United Kingdom,2,Medium,2001,2001.5,28833.604,30290.673,59124.277,59124277,244.386
